{
  "timestamp": "2026-03-08T21:35:03.741291+00:00",
  "total_time_s": 118.58807172699744,
  "num_circuits": 21,
  "best_pair": [
    56,
    62
  ],
  "worst_pair": [
    50,
    51
  ],
  "good_qubit": 56,
  "mediocre_qubit": 50,
  "results": {
    "readout_prep0_q56": {
      "counts": {
        "0x0": 987,
        "0x1": 13
      },
      "elapsed_s": 5.719340604999161
    },
    "readout_prep1_q56": {
      "counts": {
        "0x0": 137,
        "0x1": 863
      },
      "elapsed_s": 5.6908792210015235
    },
    "readout_prep0_q62": {
      "counts": {
        "0x0": 983,
        "0x1": 17
      },
      "elapsed_s": 5.691650025000854
    },
    "readout_prep1_q62": {
      "counts": {
        "0x0": 79,
        "0x1": 921
      },
      "elapsed_s": 5.640670107000915
    },
    "readout_prep0_q50": {
      "counts": {
        "0x0": 681,
        "0x1": 319
      },
      "elapsed_s": 5.680956520998734
    },
    "readout_prep1_q50": {
      "counts": {
        "0x0": 311,
        "0x1": 689
      },
      "elapsed_s": 2.79713519699726
    },
    "readout_prep0_q51": {
      "counts": {
        "0x0": 804,
        "0x1": 196
      },
      "elapsed_s": 5.568657919000543
    },
    "readout_prep1_q51": {
      "counts": {
        "0x0": 260,
        "0x1": 740
      },
      "elapsed_s": 5.674589766000281
    },
    "bell_best_1": {
      "counts": {
        "0x0": 471,
        "0x1": 94,
        "0x2": 54,
        "0x3": 381
      },
      "elapsed_s": 5.630206663001445
    },
    "bell_best_2": {
      "counts": {
        "0x0": 501,
        "0x1": 68,
        "0x2": 82,
        "0x3": 349
      },
      "elapsed_s": 5.706940134004981
    },
    "bell_worst_1": {
      "counts": {
        "0x0": 324,
        "0x1": 241,
        "0x2": 160,
        "0x3": 275
      },
      "elapsed_s": 5.593631634998019
    },
    "bell_worst_2": {
      "counts": {
        "0x0": 314,
        "0x1": 237,
        "0x2": 163,
        "0x3": 286
      },
      "elapsed_s": 5.615972548999707
    },
    "rb_q56_d1": {
      "counts": {
        "0x0": 972,
        "0x1": 28
      },
      "elapsed_s": 5.679550483000639
    },
    "rb_q56_d10": {
      "counts": {
        "0x0": 854,
        "0x1": 146
      },
      "elapsed_s": 5.6679860669974005
    },
    "rb_q56_d50": {
      "counts": {
        "0x0": 708,
        "0x1": 292
      },
      "elapsed_s": 2.80312178699387
    },
    "rb_q50_d1": {
      "counts": {
        "0x0": 645,
        "0x1": 355
      },
      "elapsed_s": 5.605916647997219
    },
    "rb_q50_d10": {
      "counts": {
        "0x0": 610,
        "0x1": 390
      },
      "elapsed_s": 5.592172985001525
    },
    "rb_q50_d50": {
      "counts": {
        "0x0": 488,
        "0x1": 512
      },
      "elapsed_s": 2.823710939002922
    },
    "zne_bell_x1": {
      "counts": {
        "0x0": 492,
        "0x1": 80,
        "0x2": 69,
        "0x3": 359
      },
      "elapsed_s": 2.7951029549949453
    },
    "zne_bell_x3": {
      "counts": {
        "0x0": 437,
        "0x1": 98,
        "0x2": 134,
        "0x3": 331
      },
      "elapsed_s": 5.618076127000677
    },
    "zne_bell_x5": {
      "counts": {
        "0x0": 427,
        "0x1": 130,
        "0x2": 176,
        "0x3": 267
      },
      "elapsed_s": 5.658062094000343
    }
  }
}